<?xml version="1.0" encoding="UTF-8"?>
<manifest>

  <remote name="aex" 
          fetch="ssh://git@github.com/AospExtended" 
          revision="9.x" />

  <default remote="aex" 
           sync-c="true" 
           sync-j="4"  />
  <project path="manifest" name="manifest" remote="aex" />
  <project path="frameworks/base" name="platform_frameworks_base" remote="aex" />
  <project path="packages/apps/Messaging" name="platform_packages_apps_Messaging" groups="pdk-fs" remote="aex" />
  <project path="packages/apps/FMRadio" name="platform_packages_apps_FMRadio" remote="aex" />
  <project path="packages/apps/Settings" name="platform_packages_apps_Settings" groups="pdk-fs" remote="aex" />
  <project path="packages/apps/SmartNav" name="platform_packages_apps_SmartNav" remote="aex" />
  <project path="packages/apps/SmartNavSettings" name="platform_packages_apps_SmartNavSettings" remote="aex" />
  <project path="packages/apps/Extensions" name="platform_packages_apps_Extensions" remote="aex" />
  <project path="packages/apps/DeskClock" name="platform_packages_apps_DeskClock" groups="pdk-fs" remote="aex" />
  <project path="packages/apps/Launcher3" name="platform_packages_apps_Launcher3" groups="pdk-fs" remote="aex" />
  <project path="packages/apps/Updates" name="platform_packages_apps_Updates" groups="pdk-fs" remote="aex" />
  <project path="packages/providers/DownloadProvider" name="platform_packages_providers_DownloadProvider" groups="pdk-cw-fs,pdk-fs" remote="aex" />
  <project path="packages/resources/devicesettings" name="platform_packages_resources_devicesettings" remote="aex" />
</manifest>
