<?xml version="1.0" encoding="UTF-8"?>
<manifest>

  <project path="manifest" name="manifest" remote="aex" />
  <project path="art" name="platform_art" groups="pdk" remote="aex" />
  <project path="bionic" name="platform_bionic" groups="pdk" remote="aex" />
  <project path="bootable/recovery" name="platform_bootable_recovery" groups="pdk" remote="aex" />
  <project path="build/kati" name="platform_build_kati" groups="pdk,tradefed" remote="aex" />
  <project path="build/make" name="platform_build" groups="pdk" remote="aex" >
    <copyfile src="core/root.mk" dest="Makefile" />
    <linkfile src="CleanSpec.mk" dest="build/CleanSpec.mk" />
    <linkfile src="buildspec.mk.default" dest="build/buildspec.mk.default" />
    <linkfile src="core" dest="build/core" />
    <linkfile src="envsetup.sh" dest="build/envsetup.sh" />
    <linkfile src="target" dest="build/target" />
    <linkfile src="tools" dest="build/tools" />
  </project>
  <project path="build/soong" name="platform_build_soong" groups="pdk,tradefed" remote="aex" >
    <linkfile src="root.bp" dest="Android.bp" />
    <linkfile src="bootstrap.bash" dest="bootstrap.bash" />
  </project>
  <project path="device/aosp/sepolicy" name="platform_device_aosp_sepolicy" remote="aex" />
  <project path="frameworks/compile/mclinker" name="platform_frameworks_compile_mclinker" groups="pdk,tradefed" remote="aex" />
  <project path="frameworks/opt/net/voip" name="platform_frameworks_opt_net_voip" groups="pdk" remote="aex" />
  <project path="frameworks/opt/net/wifi" name="platform_frameworks_opt_net_wifi" groups="pdk" remote="aex" />
  <project path="frameworks/opt/telephony" name="platform_frameworks_opt_telephony" groups="pdk" remote="aex" />
  <project path="frameworks/av" name="platform_frameworks_av" groups="pdk" remote="aex" />
  <project path="frameworks/base" name="platform_frameworks_base" remote="aex" />
  <project path="frameworks/native" name="platform_frameworks_native" groups="pdk" remote="aex" />
  <project path="frameworks/support" name="platform_frameworks_support" groups="pdk" remote="aex" />
  <project path="hardware/aosp/interfaces" name="platform_hardware_aosp_interfaces" remote="aex" />
  <project path="packages/apps/Contacts" name="platform_packages_apps_Contacts" groups="pdk-fs" remote="aex" />
  <project path="packages/apps/DeskClock" name="platform_packages_apps_DeskClock" groups="pdk-fs" remote="aex" />
  <project path="packages/apps/Dialer" name="platform_packages_apps_Dialer" groups="pdk-fs" remote="aex" />
  <project path="packages/apps/DocumentsUI" name="platform_packages_apps_DocumentsUI" groups="pdk-cw-fs,pdk-fs" remote="aex" />
  <project path="packages/apps/Messaging" name="platform_packages_apps_Messaging" groups="pdk-fs" remote="aex" />
  <project path="packages/apps/Extensions" name="platform_packages_apps_Extensions" remote="aex" />
  <project path="packages/apps/FMRadio" name="platform_packages_apps_FMRadio" remote="aex" />
  <project path="packages/apps/Gallery2" name="platform_packages_apps_Gallery2" groups="pdk-fs" remote="aex" />
  <project path="packages/apps/Launcher3" name="platform_packages_apps_Launcher3" groups="pdk-fs" remote="aex" />
  <project path="packages/apps/PackageInstaller" name="platform_packages_apps_PackageInstaller" groups="pdk-cw-fs,pdk-fs" remote="aex" />
  <project path="packages/apps/Recorder" name="platform_packages_apps_Recorder" remote="aex" />
  <project path="packages/apps/Snap" name="platform_packages_apps_Snap" remote="aex" />
  <project path="packages/apps/Stk" name="platform_packages_apps_Stk" remote="aex" />
  <project path="packages/apps/Settings" name="platform_packages_apps_Settings" groups="pdk-fs" remote="aex" />
  <project path="packages/apps/SettingsIntelligence" name="platform_packages_apps_SettingsIntelligence" groups="pdk-fs" remote="aex" />
  <project path="packages/apps/SmartNav" name="platform_packages_apps_SmartNav" remote="aex" />
  <project path="packages/apps/SmartNavSettings" name="platform_packages_apps_SmartNavSettings" remote="aex" />
  <project path="packages/apps/Terminal" name="platform_packages_apps_Terminal" remote="aex" />
  <project path="packages/apps/Jelly" name="platform_packages_apps_Jelly" remote="aex" />
  <project path="packages/apps/Updates" name="platform_packages_apps_Updates" groups="pdk-fs" remote="aex" />
  <project path="packages/apps/WeatherClient" name="platform_packages_apps_WeatherClient" remote="aex" />
  <project path="packages/inputmethods/LatinIME" name="platform_packages_inputmethods_LatinIME" groups="pdk-fs" remote="aex" />
  <project path="packages/services/Telephony" name="platform_packages_services_Telephony" groups="pdk-cw-fs,pdk-fs" remote="aex" />
  <project path="packages/services/Telecomm" name="platform_packages_services_Telecomm" groups="pdk-cw-fs,pdk-fs" remote="aex" />
  <project path="packages/providers/MediaProvider" name="platform_packages_providers_MediaProvider" groups="pdk-cw-fs,pdk-fs" remote="aex" />
  <project path="packages/providers/DownloadProvider" name="platform_packages_providers_DownloadProvider" groups="pdk-cw-fs,pdk-fs" remote="aex" />
  <project path="packages/resources/devicesettings" name="platform_packages_resources_devicesettings" remote="aex" />
  <project path="prebuilts/build-tools" name="platform_prebuilts_build-tools" remote="aex" />
  <project path="system/bt" name="platform_system_bt" remote="aex" />
  <project path="system/qcom" name="platform_system_qcom" groups="pdk" remote="aex" />
  <project path="system/core" name="platform_system_core" groups="pdk" remote="aex" />
  <project path="system/extras" name="platform_system_extras" groups="pdk" remote="aex" />
  <project path="system/netd" name="platform_system_netd" groups="pdk" remote="aex" />
  <project path="system/sepolicy" name="platform_system_sepolicy" groups="pdk" remote="aex" />
  <project path="system/vold" name="platform_system_vold" groups="pdk" remote="aex" />
  <project path="vendor/aosp" name="platform_vendor_aosp" remote="aex" />
  <project path="prebuilts/clang/host/linux-x86" name="platform_prebuilts_clang_host_linux-x86" groups="pdk" remote="aex" clone-depth="1" />

  <!-- HardWare QCOM -->
  <project path="hardware/qcom/audio/default" name="android_hardware_qcom_audio" groups="qcom,qcom_audio,pdk-qcom" remote="los" />
  <project path="hardware/qcom/audio-caf/apq8084" name="android_hardware_qcom_audio" groups="qcom,qcom_audio,pdk-qcom" remote="los" revision="lineage-16.0-caf-8084" />
  <project path="hardware/qcom/audio-caf/msm8916" name="android_hardware_qcom_audio" groups="qcom,qcom_audio,pdk-qcom" remote="los" revision="lineage-16.0-caf-8916" />
  <project path="hardware/qcom/audio-caf/msm8952" name="android_hardware_qcom_audio" groups="qcom,qcom_audio,pdk-qcom" remote="los" revision="lineage-16.0-caf-8952" />
  <project path="hardware/qcom/audio-caf/msm8960" name="android_hardware_qcom_audio" groups="qcom,qcom_audio,pdk-qcom" remote="los" revision="lineage-16.0-caf-8960" />
  <project path="hardware/qcom/audio-caf/msm8974" name="android_hardware_qcom_audio" groups="qcom,qcom_audio,pdk-qcom" remote="los" revision="lineage-16.0-caf-8974" />
  <project path="hardware/qcom/audio-caf/msm8994" name="android_hardware_qcom_audio" groups="qcom,qcom_audio,pdk-qcom" remote="los" revision="lineage-16.0-caf-8994" />
  <project path="hardware/qcom/audio-caf/msm8996" name="android_hardware_qcom_audio" groups="qcom,qcom_audio,pdk-qcom" remote="los" revision="lineage-16.0-caf-8996" />
  <project path="hardware/qcom/audio-caf/msm8998" name="android_hardware_qcom_audio" groups="qcom,qcom_audio,pdk-qcom" remote="los" revision="lineage-16.0-caf-8998" />
<!--  <project path="hardware/qcom/audio-caf/sdm845" name="android_hardware_qcom_audio" groups="qcom,qcom_audio,pdk-qcom" remote="los" revision="lineage-16.0-caf-845" />-->
  <project path="hardware/qcom/display" name="android_hardware_qcom_display" groups="pdk-qcom,qcom,qcom_display" remote="los" />
  <project path="hardware/qcom/display-caf/apq8084" name="android_hardware_qcom_display" groups="pdk-qcom,qcom,qcom_display" remote="los" revision="lineage-16.0-caf-8084" />
  <project path="hardware/qcom/display-caf/msm8916" name="android_hardware_qcom_display" groups="pdk-qcom,qcom,qcom_display" remote="los" revision="lineage-16.0-caf-8916" />
  <project path="hardware/qcom/display-caf/msm8952" name="android_hardware_qcom_display" groups="pdk-qcom,qcom,qcom_display" remote="los" revision="lineage-16.0-caf-8952" />
  <project path="hardware/qcom/display-caf/msm8960" name="android_hardware_qcom_display" groups="pdk-qcom,qcom,qcom_display" remote="los" revision="lineage-16.0-caf-8960" />
  <project path="hardware/qcom/display-caf/msm8974" name="android_hardware_qcom_display" groups="pdk-qcom,qcom,qcom_display" remote="los" revision="lineage-16.0-caf-8974" />
  <project path="hardware/qcom/display-caf/msm8994" name="android_hardware_qcom_display" groups="pdk-qcom,qcom,qcom_display" remote="los" revision="lineage-16.0-caf-8994" />
  <project path="hardware/qcom/display-caf/msm8996" name="android_hardware_qcom_display" groups="pdk-qcom,qcom,qcom_display" remote="los" revision="lineage-16.0-caf-8996" />
  <project path="hardware/qcom/display-caf/msm8998" name="android_hardware_qcom_display" groups="pdk-qcom,qcom,qcom_display" remote="los" revision="lineage-16.0-caf-8998" />
<!--  <project path="hardware/qcom/display-caf/sdm845" name="android_hardware_qcom_display" groups="pdk-qcom,qcom,qcom_display" remote="los" revision="lineage-16.0-caf-845" /> -->
  <project path="hardware/qcom/media" name="android_hardware_qcom_media" groups="qcom,pdk-qcom" remote="los"/>
  <project path="hardware/qcom/media-caf/apq8084" name="android_hardware_qcom_media" groups="qcom,pdk-qcom" remote="los" revision="lineage-16.0-caf-8084" />
  <project path="hardware/qcom/media-caf/msm8916" name="android_hardware_qcom_media" groups="qcom,pdk-qcom" remote="los" revision="lineage-16.0-caf-8916" />
  <project path="hardware/qcom/media-caf/msm8952" name="android_hardware_qcom_media" groups="qcom,pdk-qcom" remote="los" revision="lineage-16.0-caf-8952" />
  <project path="hardware/qcom/media-caf/msm8960" name="android_hardware_qcom_media" groups="qcom,pdk-qcom" remote="los" revision="lineage-16.0-caf-8960" />
  <project path="hardware/qcom/media-caf/msm8974" name="android_hardware_qcom_media" groups="qcom,pdk-qcom" remote="los" revision="lineage-16.0-caf-8974" />
  <project path="hardware/qcom/media-caf/msm8994" name="android_hardware_qcom_media" groups="qcom,pdk-qcom" remote="los" revision="lineage-16.0-caf-8994" />
  <project path="hardware/qcom/media-caf/msm8996" name="android_hardware_qcom_media" groups="qcom,pdk-qcom" remote="los" revision="lineage-16.0-caf-8996" />
  <project path="hardware/qcom/media-caf/msm8998" name="android_hardware_qcom_media" groups="qcom,pdk-qcom" remote="los" revision="lineage-16.0-caf-8998" />
<!--  <project path="hardware/qcom/media-caf/sdm845" name="android_hardware_qcom_media" groups="qcom,pdk-qcom" remote="los" revision="lineage-16.0-caf-845" /> -->

  <!-- Broadcom Hardware -->
  <project path="hardware/broadcom/libbt" name="android_hardware_broadcom_libbt" groups="pdk" remote="los" />
  <project path="hardware/broadcom/wlan" name="android_hardware_broadcom_wlan" groups="pdk,broadcom_wlan" remote="los" />
  <project path="hardware/broadcom/nfc" name="android_hardware_broadcom_nfc" remote="los" />

  <project path="hardware/libhardware" name="android_hardware_libhardware" remote="los" />
  <project path="hardware/libhardware_legacy" name="android_hardware_libhardware_legacy" groups="pdk" remote="los" />
  <project path="hardware/interfaces" name="platform_hardware_interfaces" groups="pdk" remote="aex" />


  <!-- Ant Wireless -->
  <project path="external/ant-wireless/ant_native" name="android_external_ant-wireless_ant_native" remote="los" />
  <project path="external/ant-wireless/ant_service" name="android_external_ant-wireless_ant_service" remote="los" />
  <project path="external/ant-wireless/antradio-library" name="android_external_ant-wireless_antradio-library" remote="los" />

  <!-- Packages -->
  <project path="packages/apps/Nfc" name="android_packages_apps_Nfc" groups="apps_nfc,pdk-fs" remote="los" />

  <!-- Device -->
  <project path="device/qcom/common" name="android_device_qcom_common" remote="los" revision="lineage-15.1" />
  <project path="device/qcom/sepolicy" name="platform_device_qcom_sepolicy" groups="qcom,pdk-qcom" remote="aex" />
  <project path="device/qcom/sepolicy-legacy" name="platform_device_qcom_sepolicy-legacy" groups="qcom,pdk-qcom" remote="aex" />

  <!-- External -->
  <project path="external/bash" name="android_external_bash" remote="los" />
<!--  <project path="external/powertop" name="android_external_powertop" remote="los" revision="lineage-15.1" /> -->
  <project path="external/connectivity" name="android_external_connectivity" groups="qcom,pdk-qcom" remote="los" />
  <project path="external/chromium-webview" name="android_external_chromium-webview" groups="pdk" remote="los" clone-depth="1" />
  <project path="external/exfat" name="android_external_exfat" remote="los" />
  <project path="external/e2fsprogs" name="android_external_e2fsprogs" remote="los" />
  <project path="external/fsck_msdos" name="android_external_fsck_msdos" groups="pdk" remote="los" />
  <project path="external/htop" name="android_external_htop" remote="los" />
  <project path="external/icu" name="android_external_icu" groups="pdk" remote="los" />
  <project path="external/json-c" name="android_external_json-c" groups="qcom,pdk-qcom" remote="los" />
  <project path="external/libncurses" name="android_external_libncurses" remote="los" />
  <project path="external/libnfc-nxp" name="android_external_libnfc-nxp" remote="los" />
  <project path="external/libtar" name="android_external_libtar" remote="los" />
  <project path="external/mksh" name="android_external_mksh" groups="pdk" remote="los" />
  <project path="external/nano" name="android_external_nano" remote="los" />
  <project path="external/openssh" name="android_external_openssh" remote="los" />
  <project path="external/ntfs-3g" name="android_external_ntfs-3g" remote="los" />
  <project path="external/perfetto" name="platform_external_perfetto" remote="aex" />
  <project path="external/p7zip" name="android_external_p7zip" remote="los" />
  <project path="external/pigz" name="android_external_pigz" remote="los" />
  <project path="external/rsync" name="android_external_rsync" remote="los" />
  <project path="external/skia" name="android_external_skia" groups="pdk,qcom_msm8x26" remote="los" />
  <project path="external/unrar" name="android_external_unrar" remote="los" />
  <project path="external/vim" name="android_external_vim" remote="los" />
  <project path="external/zip" name="android_external_zip" remote="los" />
  <project path="external/tinycompress" name="android_external_tinycompress" groups="pdk" remote="los" />
  <project path="external/selinux" name="android_external_selinux" groups="pdk" remote="los" />
  <project path="external/toybox" name="android_external_toybox" groups="pdk" remote="los" />

  <!-- HALs -->
  <project path="hardware/qcom/bootctrl" name="android_hardware_qcom_bootctrl" groups="pdk" remote="los" />
  <project path="hardware/qcom/data/ipacfg-mgr" name="android_hardware_qcom_data_ipacfg-mgr" groups="qcom,pdk" remote="los" />
  <project path="hardware/qcom/gps" name="android_hardware_qcom_gps" groups="qcom,qcom_gps" remote="los" />
  <project path="hardware/qcom/keymaster" name="android_hardware_qcom_keymaster" groups="qcom,qcom_keymaster,pdk" remote="los" />
  <project path="hardware/qcom/power" name="android_hardware_qcom_power" groups="qcom,pdk-qcom" remote="los" />
  <project path="hardware/qcom/thermal" name="android_hardware_qcom_thermal" groups="qcom,pdk-qcom" remote="los" />
  <project path="hardware/qcom/vr" name="android_hardware_qcom_vr" groups="qcom,pdk-qcom" remote="los" />
  <project path="hardware/ril" name="android_hardware_ril" groups="qcom,pdk-qcom" remote="los" />
  <project path="hardware/ril-caf" name="android_hardware_ril" groups="qcom,pdk-qcom" remote="los" revision="lineage-16.0-caf" />
  <project path="system/timezone" name="android_system_timezone" groups="pdk" remote="los" />
  <project path="system/tools/dtbtool" name="android_system_tools_dtbtool" groups="pdk" remote="los" />
  <project path="system/security" name="android_system_security" groups="pdk" remote="los" />
  <project path="system/update_engine" name="android_system_update_engine" groups="pdk" remote="los" />
  <project path="hardware/qcom/sdm845/bt" name="android_hardware_qcom_sdm845_bt" groups="qcom_sdm845" remote="los" />
  <project path="hardware/qcom/sdm845/data/ipacfg-mgr" name="android_hardware_qcom_sdm845_data_ipacfg-mgr" groups="vendor,qcom_sdm845" remote="los" >
    <linkfile src="os_pickup.mk" dest="hardware/qcom/sdm845/Android.mk" />
    <linkfile dest="hardware/qcom/sdm845/Android.bp" src="os_pickup.bp" />
  </project>
  <project path="hardware/qcom/sdm845/display" name="android_hardware_qcom_sdm845_display" groups="qcom_sdm845" remote="los" />
  <project path="hardware/qcom/sdm845/gps" name="android_hardware_qcom_sdm845_gps" groups="qcom_sdm845" remote="los" />
  <project path="hardware/qcom/sdm845/media" name="android_hardware_qcom_sdm845_media" groups="qcom_sdm845" remote="los" />
  <project path="hardware/qcom/sdm845/thermal" name="android_hardware_qcom_sdm845_thermal" groups="qcom_sdm845" remote="los" />
  <project path="hardware/qcom/sdm845/vr" name="android_hardware_qcom_sdm845_vr" groups="qcom_sdm845" remote="los" />
  <project path="hardware/qcom/bt" name="android_hardware_qcom_bt" groups="qcom,pdk-qcom" remote="los" />
  <project path="hardware/qcom/bt-caf" name="platform_hardware_qcom_bt" groups="qcom,pdk-qcom" remote="aex" revision="9.x-caf" />
  <project path="hardware/qcom/wlan" name="platform_hardware_qcom_wlan" groups="qcom_wlan,pdk-qcom" remote="aex" />
  <project path="hardware/qcom/wlan-caf" name="android_hardware_qcom_wlan" groups="qcom_wlan,pdk-qcom" remote="los" revision="lineage-16.0-caf" />
  <project path="hardware/qcom/fm" name="android_hardware_qcom_fm" remote="los" />
  <project path="hardware/qcom/camera" name="android_hardware_qcom_camera" groups="qcom_camera" remote="los" />
  <project path="hardware/nxp/nfc" name="android_hardware_nxp_nfc" groups="pdk" remote="los" />
  <project path="vendor/nxp/opensource/interfaces/nfc" name="android_vendor_nxp_interfaces_opensource_nfc" remote="los" />
  <project path="vendor/nxp/opensource/commonsys/external/libnfc-nci" name="android_vendor_nxp_opensource_external_libnfc-nci" remote="los" />
  <project path="vendor/nxp/opensource/commonsys/frameworks" name="android_vendor_nxp_opensource_frameworks" remote="los" />
  <project path="vendor/nxp/opensource/commonsys/packages/apps/Nfc" name="android_vendor_nxp_opensource_packages_apps_Nfc" remote="los" />
  <project path="vendor/nxp/opensource/halimpl" name="android_vendor_nxp_opensource_halimpl" remote="los" />
  <project path="vendor/nxp/opensource/hidlimpl" name="android_vendor_nxp_opensource_hidlimpl" remote="los" />
  <project path="vendor/qcom/opensource/audio" name="android_vendor_qcom_opensource_audio" groups="qcom,pdk-qcom" remote="los" />
  <project path="vendor/qcom/opensource/cryptfs_hw" name="platform_vendor_qcom_opensource_cryptfs_hw" groups="qcom,pdk-qcom" remote="aex" />
  <project path="vendor/qcom/opensource/dataservices" name="android_vendor_qcom_opensource_dataservices" groups="qcom,pdk-qcom" remote="los" />
  <project path="vendor/qcom/opensource/data-ipa-cfg-mgr" name="android_vendor_qcom_opensource_data-ipa-cfg-mgr" groups="qcom,pdk-qcom" remote="los" />
  <project path="vendor/codeaurora/telephony" name="android_vendor_codeaurora_telephony" remote="los" />
  <project path="vendor/qcom/opensource/interfaces" name="android_vendor_qcom_opensource_interfaces" groups="qcom,pdk-qcom" remote="los" />
  <project path="vendor/qcom/opensource/thermal-engine" name="android_vendor_qcom_opensource_thermal-engine" groups="qcom,pdk-qcom" remote="los" />

</manifest>
